tenant_id,tenant_name,tenant_status
TNT-0001,Sutton-Martinez ,Inactive
TNT-0002,Decker-Adams ,Suspended
TNT-0003,"Harper, Flowers and Porter ",Inactive
TNT-0004,Munoz-Cummings ,Inactive
TNT-0005,"Riley, Thompson and Powell ",Suspended
TNT-0006,Mendoza Group ,Inactive
TNT-0007,Pham-Ramirez ,Active
TNT-0008,"Hayden, Smith and Smith ",Inactive
TNT-0009,White Inc ,Suspended
TNT-0010,"White, Thomas and Porter ",Inactive
TNT-0011,Hernandez-Duncan ,Active
TNT-0012,Flynn-Cox ,Inactive
TNT-0013,Delacruz-Shelton ,Active
TNT-0014,"Lynch, Salinas and Newman ",Active
TNT-0015,Hernandez-Smith ,Suspended
TNT-0016,Parker PLC ,Suspended
TNT-0017,Adams-Alexander ,Suspended
TNT-0018,Moore-Miller ,Active
TNT-0019,"Robertson, Orozco and Hines ",Suspended
TNT-0020,"Watson, Wilson and Riley ",Suspended
TNT-0021,Roy Ltd ,Active
TNT-0022,Kaufman-Rivera ,Suspended
TNT-0023,Campbell-Lowe ,Suspended
TNT-0024,"Burnett, Phillips and Oliver ",Inactive
TNT-0025,Martin-Alexander ,Inactive
TNT-0026,Escobar Inc ,Suspended
TNT-0027,"Long, Callahan and Miller ",Active
TNT-0028,Bean-Garcia ,Inactive
TNT-0029,"Sutton, David and Turner ",Active
TNT-0030,"Owen, Barnes and Werner ",Active
TNT-0031,"Frederick, Lee and Fuller ",Suspended
TNT-0032,"Briggs, Hutchinson and Matthews ",Suspended
TNT-0033,Moyer Inc ,Suspended
TNT-0034,"Hayes, Burns and Turner ",Inactive
TNT-0035,Lynch-Parker ,Active
TNT-0036,"Cline, Barron and Smith ",Active
TNT-0037,Nelson-Barnett ,Suspended
TNT-0038,Hansen-Ashley ,Inactive
TNT-0039,Sandoval PLC ,Suspended
TNT-0040,"Gonzales, Hensley and Phillips ",Active
TNT-0041,Herring-Lawson ,Suspended
TNT-0042,Morgan Inc ,Inactive
TNT-0043,Cruz-Mcknight ,Inactive
TNT-0044,"Barrera, Blackwell and Hill ",Suspended
TNT-0045,"Smith, Cook and Wilson ",Active
TNT-0046,Kim-Gutierrez ,Inactive
TNT-0047,Kaiser-Crawford ,Inactive
TNT-0048,"Rodriguez, Rosales and Jackson ",Suspended
TNT-0049,Murphy-Schneider ,Active
TNT-0050,Armstrong PLC ,Inactive
TNT-0051,Rocha Ltd ,Inactive
TNT-0052,"Williams, Wilson and Jackson ",Suspended
TNT-0053,Villegas-Andrade ,Suspended
TNT-0054,Mercado-Navarro ,Active
TNT-0055,Gonzalez-Nguyen ,Inactive
TNT-0056,Sharp LLC ,Active
TNT-0057,Thompson-Ryan ,Inactive
TNT-0058,"Singh, Morris and Burke ",Suspended
TNT-0059,"Cherry, Smith and Lopez ",Inactive
TNT-0060,"Smith, Smith and Maynard ",Inactive
TNT-0061,"Mccormick, Richardson and Murphy ",Active
TNT-0062,"Jensen, Johns and Hester ",Active
TNT-0063,Jackson-Williams ,Active
TNT-0064,Bartlett PLC ,Active
TNT-0065,Pineda Ltd ,Active
TNT-0066,Johnson LLC ,Suspended
TNT-0067,Burgess-Lane ,Inactive
TNT-0068,Perkins-Hughes ,Inactive
TNT-0069,Harris-Todd ,Active
TNT-0070,Campbell-Pierce ,Suspended
TNT-0071,Gonzalez-Walker ,Active
TNT-0072,Miller-Poole ,Active
TNT-0073,"Ewing, Benjamin and Dillon ",Suspended
TNT-0074,Hawkins LLC ,Inactive
TNT-0075,Goodwin Group ,Inactive
TNT-0076,"Matthews, Rodgers and Parks ",Inactive
TNT-0077,Roberson-Dodson ,Inactive
TNT-0078,Smith-Patton ,Active
TNT-0079,Williams and Sons ,Suspended
TNT-0080,Tyler Ltd ,Inactive
TNT-0081,Garrett Group ,Active
TNT-0082,Howard-Dickson ,Active
TNT-0083,Osborn Group ,Suspended
TNT-0084,Rowland-Brewer ,Suspended
TNT-0085,"Harris, Dunn and Stephens ",Inactive
TNT-0086,Peters-Cohen ,Inactive
TNT-0087,"Graham, Wilson and Robinson ",Active
TNT-0088,Gray LLC ,Suspended
TNT-0089,Soto Ltd ,Active
TNT-0090,Lopez and Sons ,Suspended
TNT-0091,"Shea, Davis and Wong ",Inactive
TNT-0092,Leon-Stephens ,Active
TNT-0093,"Brooks, Leon and Hughes ",Active
TNT-0094,Foley and Sons ,Inactive
TNT-0095,Lopez-Snow ,Active
TNT-0096,Ramsey Inc ,Inactive
TNT-0097,"Orr, Brewer and Kim ",Active
TNT-0098,Warren-Russell ,Inactive
TNT-0099,"Harris, Greene and Lynch ",Inactive
TNT-0100,Swanson-Goodwin ,Active
TNT-0101,Simon LLC ,Inactive
TNT-0102,Davis Group ,Inactive
TNT-0103,"Welch, Delgado and Rosales ",Active
TNT-0104,Silva PLC ,Suspended
TNT-0105,Strickland Group ,Inactive
TNT-0106,"Mullins, Sanford and Lloyd ",Suspended
TNT-0107,Graham-Saunders ,Inactive
TNT-0108,"Tanner, Coleman and Butler ",Inactive
TNT-0109,Leonard-Bell ,Active
TNT-0110,Marsh-Singh ,Inactive
TNT-0111,Gallegos-Franco ,Active
TNT-0112,"Smith, Richardson and Cooper ",Inactive
TNT-0113,Rios-Robbins ,Suspended
TNT-0114,Freeman LLC ,Active
TNT-0115,Morse-Hodges ,Inactive
TNT-0116,"Guzman, Porter and Smith ",Suspended
TNT-0117,Foster-Simmons ,Active
TNT-0118,"Duncan, Miles and Simpson ",Suspended
TNT-0119,"Shelton, Garza and Johnson ",Active
TNT-0120,Peters-Mason ,Active
TNT-0121,Curry-Johnson ,Inactive
TNT-0122,Stephenson PLC ,Active
TNT-0123,Mitchell-Davis ,Suspended
TNT-0124,Cowan Inc ,Active
TNT-0125,"Williams, Esparza and Rivera ",Inactive
TNT-0126,Chambers-Watkins ,Suspended
TNT-0127,Johnson-Graham ,Inactive
TNT-0128,Vega LLC ,Inactive
TNT-0129,Bean-Yu ,Inactive
TNT-0130,"Castillo, Thomas and Beasley ",Suspended
TNT-0131,Brown LLC ,Inactive
TNT-0132,Barron-Pacheco ,Inactive
TNT-0133,"Smith, Shea and Henry ",Inactive
TNT-0134,"Hill, Lucas and Nelson ",Inactive
TNT-0135,"Barrett, Burke and Harris ",Inactive
TNT-0136,Jensen PLC ,Active
TNT-0137,Young-Carter ,Active
TNT-0138,Mason-Watson ,Inactive
TNT-0139,Hendricks LLC ,Active
TNT-0140,Oconnor-Campbell ,Active
TNT-0141,Klein-Bernard ,Active
TNT-0142,Lara Group ,Inactive
TNT-0143,Kennedy-Finley ,Active
TNT-0144,"Parker, White and Graham ",Inactive
TNT-0145,Jones-Smith ,Suspended
TNT-0146,Stephenson LLC ,Suspended
TNT-0147,Moran Ltd ,Suspended
TNT-0148,"Jones, Anderson and Phillips ",Inactive
TNT-0149,"Robles, Beck and Andersen ",Suspended
TNT-0150,Mitchell-Trujillo ,Active
TNT-0151,"Miller, Larson and Gray ",Inactive
TNT-0152,"Torres, Carrillo and Mason ",Active
TNT-0153,Rodriguez-Cabrera ,Suspended
TNT-0154,Sherman LLC ,Inactive
TNT-0155,White Group ,Inactive
TNT-0156,"Townsend, Juarez and Riley ",Suspended
TNT-0157,Adams PLC ,Inactive
TNT-0158,Guerrero Inc ,Active
TNT-0159,"Gordon, Hernandez and Carroll ",Active
TNT-0160,Arroyo LLC ,Active
TNT-0161,"Garrison, Good and Phillips ",Active
TNT-0162,"Jackson, Sutton and Williams ",Active
TNT-0163,Beltran PLC ,Active
TNT-0164,Suarez Group ,Active
TNT-0165,Ali and Sons ,Active
TNT-0166,"Johnson, Gonzalez and Vazquez ",Suspended
TNT-0167,"Davis, Ramirez and Jones ",Inactive
TNT-0168,Ayala-Callahan ,Active
TNT-0169,Cook Group ,Inactive
TNT-0170,Manning-Cooper ,Inactive
TNT-0171,Hodge LLC ,Inactive
TNT-0172,Estrada-Wilson ,Inactive
TNT-0173,Peters-Morales ,Active
TNT-0174,"Lyons, Kelly and Reyes ",Active
TNT-0175,Harris LLC ,Active
TNT-0176,"Hughes, Hughes and Page ",Inactive
TNT-0177,"Mills, Patel and Smith ",Active
TNT-0178,"Stephens, Turner and Hunter ",Inactive
TNT-0179,Stone-Sanchez ,Suspended
TNT-0180,Colon-Ortiz ,Suspended
TNT-0181,"Higgins, Garcia and Clark ",Suspended
TNT-0182,Woods-Becker ,Suspended
TNT-0183,Barry-Fritz ,Active
TNT-0184,"Hogan, Cantrell and Thomas ",Active
TNT-0185,"Hunt, Garcia and Smith ",Suspended
TNT-0186,Palmer PLC ,Suspended
TNT-0187,Kim Group ,Active
TNT-0188,"Krueger, Lee and Torres ",Suspended
TNT-0189,Clark and Sons ,Inactive
TNT-0190,Nielsen-Patterson ,Suspended
TNT-0191,Dominguez-Bell ,Inactive
TNT-0192,"Davis, Burton and Perkins ",Active
TNT-0193,Gilbert-Rangel ,Inactive
TNT-0194,Cunningham Inc ,Suspended
TNT-0195,"Austin, Lang and Clark ",Suspended
TNT-0196,Mathis-Young ,Active
TNT-0197,Marshall-Webb ,Active
TNT-0198,Sanchez-Smith ,Active
TNT-0199,"Marquez, Thomas and Clark ",Inactive
TNT-0200,Long-Ritter ,Active
