user_id,user_name,user_email,user_phone_number,created_at,tenant_id,user_address
USR-00001,Michael Davis MD,larsenmatthew@example.net,6034383223,2026-05-15 03:15:29,TNT-0197,"{""street"": ""476 Jennifer Drives Apt. 389"", ""city"": ""Swansonton"", ""state"": ""NJ"", ""zipcode"": ""43784""}"
USR-00002,Mary Lopez,charlesrodriguez@example.com,9072499516,2026-05-14 03:15:29,TNT-0160,"{""street"": ""2602 Glass Oval"", ""city"": ""Janechester"", ""state"": ""VI"", ""zipcode"": ""56416""}"
USR-00003,Ryan Williams,ftyler@example.org,8753681753,2026-05-26 23:15:29,TNT-0199,"{""street"": ""321 Lisa Park"", ""city"": ""South Patrickshire"", ""state"": ""WV"", ""zipcode"": ""73158""}"
USR-00004,Angela Torres,dominiquedavidson@example.net,6205014008,2026-06-02 23:15:29,TNT-0046,"{""street"": ""6817 Donald Locks Suite 995"", ""city"": ""Karenfurt"", ""state"": ""ME"", ""zipcode"": ""85006""}"
USR-00005,Amanda Woodward,everettdarryl@example.net,8312626548,2026-05-10 10:15:29,TNT-0094,"{""street"": ""18975 Andrew Locks"", ""city"": ""New Angela"", ""state"": ""MI"", ""zipcode"": ""93171""}"
USR-00006,Teresa Sawyer,burgessdenise@example.net,9591031681,2026-05-30 07:15:29,TNT-0129,"{""street"": ""668 Benjamin Lane Apt. 682"", ""city"": ""Michaelburgh"", ""state"": ""TX"", ""zipcode"": ""73661""}"
USR-00007,Toni Anthony,danielwest@example.com,8477235799,2026-05-11 10:15:29,TNT-0062,"{""street"": ""725 Barnett Fort"", ""city"": ""Annaborough"", ""state"": ""VT"", ""zipcode"": ""69991""}"
USR-00008,Ashley Harris,ahunter@example.net,6909555926,2026-05-11 03:15:29,TNT-0121,"{""street"": ""95663 Galvan Square"", ""city"": ""Janicestad"", ""state"": ""UT"", ""zipcode"": ""14767""}"
USR-00009,Sean Hill,amaxwell@example.net,7943193904,2026-05-14 15:15:29,TNT-0152,"{""street"": ""55268 Sanders Streets Apt. 323"", ""city"": ""Brandiville"", ""state"": ""LA"", ""zipcode"": ""27505""}"
USR-00010,Angela Strickland,tamarabrown@example.net,9830595085,2026-05-13 09:15:29,TNT-0009,"{""street"": ""64336 Gilbert Flats"", ""city"": ""West Lauren"", ""state"": ""TN"", ""zipcode"": ""13901""}"
USR-00011,Kimberly Cunningham,cindy21@example.net,6910911059,2026-06-04 02:15:29,TNT-0187,"{""street"": ""654 Hall Trafficway"", ""city"": ""West Andrew"", ""state"": ""ME"", ""zipcode"": ""99651""}"
USR-00012,Michael Nelson,tlloyd@example.com,8930245662,2026-05-13 01:15:29,TNT-0001,"{""street"": ""14404 Randy Plains"", ""city"": ""South Michael"", ""state"": ""MO"", ""zipcode"": ""21015""}"
USR-00013,Frederick Durham,rangelvictoria@example.org,9631172565,2026-05-05 23:15:29,TNT-0134,"{""street"": ""8924 Villa Drive"", ""city"": ""Lake Adamview"", ""state"": ""SD"", ""zipcode"": ""40205""}"
USR-00014,Andrew Ortiz,jonescarlos@example.org,7577261870,2026-05-26 19:15:29,TNT-0014,"{""street"": ""6606 Murray Prairie Apt. 168"", ""city"": ""Lake Alfredstad"", ""state"": ""KY"", ""zipcode"": ""24076""}"
USR-00015,Melissa Arellano,donnashea@example.com,8058912133,2026-05-12 16:15:29,TNT-0090,"{""street"": ""22229 Davis Groves Suite 100"", ""city"": ""Powellhaven"", ""state"": ""GA"", ""zipcode"": ""67503""}"
USR-00016,Jody Parsons,timothyholmes@example.com,7696027642,2026-05-30 15:15:29,TNT-0166,"{""street"": ""69661 Ashley Lock Suite 277"", ""city"": ""North Christopherburgh"", ""state"": ""VA"", ""zipcode"": ""09441""}"
USR-00017,Henry Jones,stephensonrebecca@example.net,6533414987,2026-06-02 17:15:29,TNT-0197,"{""street"": ""5558 Sloan Cliffs Suite 965"", ""city"": ""Ericmouth"", ""state"": ""TX"", ""zipcode"": ""39642""}"
USR-00018,Erica Baker,torresjulia@example.net,8859576556,2026-05-16 15:15:29,TNT-0139,"{""street"": ""7394 Cynthia Underpass Suite 380"", ""city"": ""Lake Michaelshire"", ""state"": ""AZ"", ""zipcode"": ""70035""}"
USR-00019,Eugene Duncan,ashleycurtis@example.net,8465431041,2026-05-27 11:15:29,TNT-0157,"{""street"": ""791 Franklin Ville Apt. 231"", ""city"": ""Hahnshire"", ""state"": ""OH"", ""zipcode"": ""71474""}"
USR-00020,Kelly Snyder,jessica18@example.net,8729749914,2026-05-11 06:15:29,TNT-0140,"{""street"": ""77154 Alejandra Flats Suite 348"", ""city"": ""Jacquelineview"", ""state"": ""IA"", ""zipcode"": ""83087""}"
USR-00021,Kerri Taylor,jwilson@example.com,7638269008,2026-05-20 12:15:29,TNT-0077,"{""street"": ""9267 Bonilla Crossing Suite 942"", ""city"": ""Dawsonland"", ""state"": ""GA"", ""zipcode"": ""22983""}"
USR-00022,Allison Buchanan,ujohnson@example.com,8811436322,2026-06-02 18:15:29,TNT-0143,"{""street"": ""0393 Tina Landing Apt. 506"", ""city"": ""Moorefort"", ""state"": ""VI"", ""zipcode"": ""94647""}"
USR-00023,Dominique Johnson,jennifercooke@example.com,6396811941,2026-05-30 09:15:29,TNT-0072,"{""street"": ""68558 Nancy Spurs Apt. 124"", ""city"": ""West Cristian"", ""state"": ""VT"", ""zipcode"": ""65301""}"
USR-00024,Jesse Andrews,lambertcolin@example.org,8142004391,2026-05-17 14:15:29,TNT-0043,"{""street"": ""890 Hudson Islands Suite 353"", ""city"": ""Taylorstad"", ""state"": ""LA"", ""zipcode"": ""23812""}"
USR-00025,Kimberly Young,burtonalexander@example.org,7456128487,2026-05-16 20:15:29,TNT-0180,"{""street"": ""704 Allen Street"", ""city"": ""Rhodesbury"", ""state"": ""HI"", ""zipcode"": ""52013""}"
USR-00026,Maria Brown,harrisondustin@example.com,9587069000,2026-05-21 23:15:29,TNT-0076,"{""street"": ""160 White Ports"", ""city"": ""New Ashleytown"", ""state"": ""WV"", ""zipcode"": ""09380""}"
USR-00027,Thomas Johnston,juarezshannon@example.com,9509760107,2026-05-08 23:15:29,TNT-0050,"{""street"": ""3797 Wright Burgs"", ""city"": ""Hillstad"", ""state"": ""WY"", ""zipcode"": ""48118""}"
USR-00028,Manuel Johnson,rramos@example.net,7350262901,2026-05-20 07:15:29,TNT-0096,"{""street"": ""4302 Lindsay Unions"", ""city"": ""Morrisbury"", ""state"": ""CT"", ""zipcode"": ""99180""}"
USR-00029,Mason Wilson,danielharris@example.net,7787009208,2026-05-28 07:15:29,TNT-0169,"{""street"": ""5184 Adam Estates Suite 218"", ""city"": ""Port Kari"", ""state"": ""NY"", ""zipcode"": ""12515""}"
USR-00030,Kimberly Hoffman,gcarter@example.com,9352488054,2026-05-10 07:15:29,TNT-0069,"{""street"": ""5110 Love Place Apt. 469"", ""city"": ""Johnsonhaven"", ""state"": ""NE"", ""zipcode"": ""48443""}"
USR-00031,Joseph Chapman,daviskaren@example.com,8795970972,2026-05-20 22:15:29,TNT-0168,"{""street"": ""87831 Lin Route Apt. 896"", ""city"": ""South Sarah"", ""state"": ""NV"", ""zipcode"": ""55100""}"
USR-00032,Ryan Morgan,hhowell@example.net,6057777111,2026-05-29 15:15:29,TNT-0128,"{""street"": ""964 Shannon Stravenue"", ""city"": ""Claireberg"", ""state"": ""SD"", ""zipcode"": ""44942""}"
USR-00033,Christina Parker,amberharris@example.org,9762958831,2026-05-13 12:15:29,TNT-0020,"{""street"": ""926 Rosario Run"", ""city"": ""Jessicaburgh"", ""state"": ""IA"", ""zipcode"": ""33945""}"
USR-00034,Michael Walker,amanda60@example.net,8918947047,2026-05-10 15:15:29,TNT-0200,"{""street"": ""4252 George Terrace"", ""city"": ""Sabrinaville"", ""state"": ""IN"", ""zipcode"": ""07382""}"
USR-00035,Patricia White,xmccullough@example.org,6781212141,2026-06-03 02:15:29,TNT-0119,"{""street"": ""6413 Sierra Burg Apt. 291"", ""city"": ""Port Lisa"", ""state"": ""MA"", ""zipcode"": ""32442""}"
USR-00036,Christopher Glover,mason61@example.com,6970929569,2026-05-22 13:15:29,TNT-0001,"{""street"": ""13046 Perez Inlet Suite 693"", ""city"": ""Perezview"", ""state"": ""TN"", ""zipcode"": ""58859""}"
USR-00037,Dillon Richard,sethgordon@example.net,9744614789,2026-06-02 15:15:29,TNT-0162,"{""street"": ""430 Andrew Forks Apt. 335"", ""city"": ""Lake Michaelton"", ""state"": ""UT"", ""zipcode"": ""97261""}"
USR-00038,Timothy Patterson,carl49@example.net,8891913947,2026-05-09 01:15:29,TNT-0172,"{""street"": ""48134 Whitaker Mission Suite 864"", ""city"": ""Port Josephfurt"", ""state"": ""ME"", ""zipcode"": ""21486""}"
USR-00039,Taylor Nguyen,jacobyoung@example.org,6151686493,2026-05-07 10:15:29,TNT-0042,"{""street"": ""154 Duran Villages Suite 347"", ""city"": ""Crystalfurt"", ""state"": ""AZ"", ""zipcode"": ""76492""}"
USR-00040,Joshua Armstrong,zwest@example.net,6176054191,2026-06-04 09:15:29,TNT-0196,"{""street"": ""47086 Brooks Land Suite 166"", ""city"": ""Fieldsmouth"", ""state"": ""KY"", ""zipcode"": ""77202""}"
USR-00041,Kevin Roberts,jacob92@example.com,6401492528,2026-05-29 13:15:29,TNT-0171,"{""street"": ""803 Nichols Fall Suite 268"", ""city"": ""West Joshualand"", ""state"": ""MH"", ""zipcode"": ""13344""}"
USR-00042,Allen Nicholson,bauermonica@example.net,9017325237,2026-05-18 11:15:29,TNT-0071,"{""street"": ""21636 Karen Hill Apt. 405"", ""city"": ""Jasontown"", ""state"": ""NY"", ""zipcode"": ""70129""}"
USR-00043,Maria Martinez,davisvanessa@example.com,9993407043,2026-05-14 03:15:29,TNT-0045,"{""street"": ""1839 Smith Manor"", ""city"": ""Adamsside"", ""state"": ""AK"", ""zipcode"": ""54353""}"
USR-00044,Robin Mendoza,lovejennifer@example.org,6084429287,2026-05-08 05:15:29,TNT-0109,"{""street"": ""489 Jonathan Parks"", ""city"": ""North Sarahaven"", ""state"": ""FL"", ""zipcode"": ""76634""}"
USR-00045,Michael White,phillipsbrandon@example.net,7008580704,2026-05-11 13:15:29,TNT-0113,"{""street"": ""91151 Montoya Shoals Suite 537"", ""city"": ""Charlesfort"", ""state"": ""MS"", ""zipcode"": ""23813""}"
USR-00046,Brianna Smith,sarahevans@example.org,7526166508,2026-05-20 14:15:29,TNT-0155,"{""street"": ""2981 Kimberly Parkway"", ""city"": ""Lake Richard"", ""state"": ""GA"", ""zipcode"": ""56130""}"
USR-00047,Kaitlyn Garrett,angela48@example.net,8478978726,2026-05-06 19:15:29,TNT-0089,"{""street"": ""5558 Gilbert Grove"", ""city"": ""East Amanda"", ""state"": ""MP"", ""zipcode"": ""89499""}"
USR-00048,Lisa Hood DDS,ryanlopez@example.org,9506467435,2026-05-08 03:15:29,TNT-0056,"{""street"": ""1274 Carl Mill"", ""city"": ""Sarahhaven"", ""state"": ""TX"", ""zipcode"": ""42085""}"
USR-00049,Charles Kidd,kvargas@example.com,7944783424,2026-05-30 11:15:29,TNT-0177,"{""street"": ""63053 Jill Haven"", ""city"": ""Julieview"", ""state"": ""CA"", ""zipcode"": ""72827""}"
USR-00050,Ana Gonzalez,melissawalton@example.com,9847494642,2026-05-18 11:15:29,TNT-0136,"{""street"": ""59910 Smith Road Suite 301"", ""city"": ""Briannashire"", ""state"": ""NH"", ""zipcode"": ""18313""}"
USR-00051,Christopher Pace,thompsonpeter@example.com,8051690128,2026-05-13 03:15:29,TNT-0093,"{""street"": ""86831 Fox Ridge Apt. 058"", ""city"": ""Port Eric"", ""state"": ""VT"", ""zipcode"": ""03465""}"
USR-00052,Keith Garcia,cooperjennifer@example.com,8875541618,2026-06-01 01:15:29,TNT-0071,"{""street"": ""74163 Kemp Knolls"", ""city"": ""Port Jamesbury"", ""state"": ""ME"", ""zipcode"": ""34516""}"
USR-00053,Randy Norton,fheath@example.com,8736054584,2026-05-17 03:15:29,TNT-0004,"{""street"": ""874 Taylor Roads"", ""city"": ""Port Susan"", ""state"": ""AS"", ""zipcode"": ""68635""}"
USR-00054,Debbie Frank,jonathangoodwin@example.com,6009393353,2026-05-06 15:15:29,TNT-0058,"{""street"": ""674 Hill Land Suite 817"", ""city"": ""Davidchester"", ""state"": ""MA"", ""zipcode"": ""14519""}"
USR-00055,Jessica Donaldson,jonesmark@example.net,8245511081,2026-05-17 23:15:29,TNT-0197,"{""street"": ""80903 Reed Knoll"", ""city"": ""East Penny"", ""state"": ""TX"", ""zipcode"": ""32936""}"
USR-00056,Christopher Sullivan,natasha91@example.com,6394775551,2026-05-18 01:15:29,TNT-0108,"{""street"": ""30935 Leslie Common"", ""city"": ""Seanborough"", ""state"": ""OR"", ""zipcode"": ""33928""}"
USR-00057,Carl Bennett,linda07@example.org,9025831190,2026-05-17 22:15:29,TNT-0089,"{""street"": ""010 Valdez Turnpike Apt. 038"", ""city"": ""Stevenland"", ""state"": ""FL"", ""zipcode"": ""40131""}"
USR-00058,Tiffany Dean,slong@example.com,8310533435,2026-05-13 11:15:29,TNT-0123,"{""street"": ""551 William Place"", ""city"": ""Randyshire"", ""state"": ""ID"", ""zipcode"": ""73244""}"
USR-00059,Lisa Dillon,martinezlance@example.org,6935396669,2026-05-30 03:15:29,TNT-0096,"{""street"": ""293 Velasquez Meadow"", ""city"": ""Lake Tanya"", ""state"": ""MN"", ""zipcode"": ""02633""}"
USR-00060,Christie Miller,erikrodriguez@example.org,7387086519,2026-05-16 18:15:29,TNT-0034,"{""street"": ""0851 Elizabeth Station"", ""city"": ""North Charles"", ""state"": ""MP"", ""zipcode"": ""49957""}"
USR-00061,Molly Pennington DVM,raymond42@example.com,6680481258,2026-05-20 23:15:29,TNT-0176,"{""street"": ""676 Keith Crescent Apt. 770"", ""city"": ""Robertshire"", ""state"": ""AZ"", ""zipcode"": ""74831""}"
USR-00062,Melanie Salas,brookegilbert@example.com,6983067830,2026-06-03 03:15:29,TNT-0172,"{""street"": ""74114 Leblanc Port Apt. 075"", ""city"": ""East Cameron"", ""state"": ""AK"", ""zipcode"": ""80404""}"
USR-00063,Robert Cook,lstewart@example.net,9780113921,2026-05-18 12:15:29,TNT-0098,"{""street"": ""498 Russell Glens Suite 742"", ""city"": ""South Beth"", ""state"": ""VA"", ""zipcode"": ""50643""}"
USR-00064,Thomas Rojas,stuartkatherine@example.org,6028407624,2026-05-08 06:15:29,TNT-0081,"{""street"": ""76946 Lee Pike Apt. 930"", ""city"": ""North Reneefurt"", ""state"": ""DC"", ""zipcode"": ""80276""}"
USR-00065,James Brown,asmith@example.net,9428592332,2026-05-14 04:15:29,TNT-0078,"{""street"": ""554 Katie Fords"", ""city"": ""Matthewshire"", ""state"": ""PA"", ""zipcode"": ""32065""}"
USR-00066,Dylan Clark,aelliott@example.org,9161794918,2026-05-18 04:15:29,TNT-0110,"{""street"": ""2975 Smith Village"", ""city"": ""North Jamesfort"", ""state"": ""GA"", ""zipcode"": ""31603""}"
USR-00067,Blake Hamilton,laura90@example.org,6055400296,2026-05-12 14:15:29,TNT-0121,"{""street"": ""848 Herrera Run"", ""city"": ""New Dianahaven"", ""state"": ""CT"", ""zipcode"": ""41164""}"
USR-00068,Howard Bell,pfigueroa@example.com,7817036534,2026-05-27 11:15:29,TNT-0015,"{""street"": ""3803 Stone Crescent"", ""city"": ""Jasonburgh"", ""state"": ""KY"", ""zipcode"": ""79020""}"
USR-00069,Darin Carr,patricia43@example.org,7438308792,2026-06-05 08:15:29,TNT-0124,"{""street"": ""146 Decker Landing"", ""city"": ""Port Kayla"", ""state"": ""VA"", ""zipcode"": ""12413""}"
USR-00070,Kimberly Cook,johnsonrobert@example.org,7256678661,2026-05-10 21:15:29,TNT-0053,"{""street"": ""866 Guy Prairie Suite 749"", ""city"": ""Oconnorland"", ""state"": ""IL"", ""zipcode"": ""11732""}"
USR-00071,Stacey Levine,melanie30@example.org,6475770242,2026-05-22 07:15:29,TNT-0022,"{""street"": ""6419 Boyer Corners"", ""city"": ""Simpsonland"", ""state"": ""NH"", ""zipcode"": ""05778""}"
USR-00072,David Webb,clarknancy@example.net,9184199990,2026-05-20 19:15:29,TNT-0127,"{""street"": ""943 Santana Ports"", ""city"": ""North Justin"", ""state"": ""GU"", ""zipcode"": ""12022""}"
USR-00073,James Wright,marc43@example.net,7250660922,2026-06-04 04:15:29,TNT-0109,"{""street"": ""715 Tracie Centers"", ""city"": ""Fryeside"", ""state"": ""GU"", ""zipcode"": ""39475""}"
USR-00074,Stacie Jones,angelicawu@example.org,7658733058,2026-05-28 04:15:29,TNT-0195,"{""street"": ""135 Miller Mill"", ""city"": ""Johnsonville"", ""state"": ""MN"", ""zipcode"": ""89488""}"
USR-00075,Gregory Pacheco,christy15@example.com,7820776067,2026-05-18 04:15:29,TNT-0143,"{""street"": ""4157 Mcintyre Knoll"", ""city"": ""Walshhaven"", ""state"": ""AZ"", ""zipcode"": ""50754""}"
USR-00076,Jennifer Davis,brianfloyd@example.net,6897675406,2026-05-07 16:15:29,TNT-0008,"{""street"": ""59982 Amy Fields"", ""city"": ""Millerside"", ""state"": ""VA"", ""zipcode"": ""36833""}"
USR-00077,Ryan Henderson,barronstacey@example.net,6423774524,2026-05-11 08:15:29,TNT-0115,"{""street"": ""56315 Martinez Cliffs"", ""city"": ""New Darin"", ""state"": ""OH"", ""zipcode"": ""44145""}"
USR-00078,Karen Washington,elizabeth14@example.com,7491963061,2026-06-02 07:15:29,TNT-0170,"{""street"": ""837 Baker Pines"", ""city"": ""Jerrymouth"", ""state"": ""LA"", ""zipcode"": ""12019""}"
USR-00079,Cody Tyler Jr.,whitneyshaw@example.com,6701409409,2026-05-07 21:15:29,TNT-0012,"{""street"": ""93781 Kellie Freeway"", ""city"": ""Lake Nancy"", ""state"": ""AS"", ""zipcode"": ""62430""}"
USR-00080,Tiffany Diaz,troy07@example.net,9726016489,2026-05-15 09:15:29,TNT-0073,"{""street"": ""960 Ashley Mountains Suite 043"", ""city"": ""South Sarah"", ""state"": ""AS"", ""zipcode"": ""50282""}"
USR-00081,Audrey Williams,morrowthomas@example.org,7676689389,2026-05-16 06:15:29,TNT-0043,"{""street"": ""83384 Aaron Lakes Apt. 225"", ""city"": ""Laurastad"", ""state"": ""SC"", ""zipcode"": ""02066""}"
USR-00082,Mr. Blake Thompson,austinrose@example.com,6904445493,2026-05-31 02:15:29,TNT-0147,"{""street"": ""9714 James Cliffs"", ""city"": ""Guzmanberg"", ""state"": ""CO"", ""zipcode"": ""67049""}"
USR-00083,Anthony Larson,jessica86@example.org,8492640020,2026-05-31 14:15:29,TNT-0152,"{""street"": ""307 Pierce Pine Apt. 156"", ""city"": ""Jacksonside"", ""state"": ""ID"", ""zipcode"": ""11012""}"
USR-00084,Shannon Garcia,tbeck@example.org,6905498979,2026-05-22 02:15:29,TNT-0127,"{""street"": ""624 Whitney Spring Suite 294"", ""city"": ""Cynthiaberg"", ""state"": ""MA"", ""zipcode"": ""89069""}"
USR-00085,Mckenzie Anderson,hpatterson@example.com,7781752833,2026-05-17 15:15:29,TNT-0099,"{""street"": ""12611 Mark Crossroad"", ""city"": ""Savannahmouth"", ""state"": ""NC"", ""zipcode"": ""24808""}"
USR-00086,Tracy Cox,alexis38@example.com,7485262276,2026-05-30 20:15:29,TNT-0149,"{""street"": ""2576 Henson Green Suite 239"", ""city"": ""Port Robertton"", ""state"": ""AR"", ""zipcode"": ""70356""}"
USR-00087,Andrew Poole,delgadodavid@example.net,9771362037,2026-05-07 20:15:29,TNT-0055,"{""street"": ""99645 Olsen Creek Apt. 704"", ""city"": ""Port Garrettland"", ""state"": ""SD"", ""zipcode"": ""77986""}"
USR-00088,Melissa Thompson,ramosshelby@example.net,6602457515,2026-05-28 11:15:29,TNT-0149,"{""street"": ""1559 Jones Mall Apt. 597"", ""city"": ""West Timothybury"", ""state"": ""CO"", ""zipcode"": ""10246""}"
USR-00089,Timothy Thompson,leviwatson@example.org,9750919176,2026-06-02 16:15:29,TNT-0030,"{""street"": ""592 Patricia Rapids Apt. 737"", ""city"": ""Port Jennifer"", ""state"": ""NV"", ""zipcode"": ""85865""}"
USR-00090,Julie Lopez,selena35@example.com,9997500596,2026-05-23 06:15:29,TNT-0072,"{""street"": ""41426 Gonzales Streets"", ""city"": ""Lake Vanessafort"", ""state"": ""SD"", ""zipcode"": ""68122""}"
USR-00091,Steven Hernandez,wattseddie@example.net,6574953308,2026-06-03 11:15:29,TNT-0081,"{""street"": ""21610 Larry Mountain"", ""city"": ""Lake Matthewburgh"", ""state"": ""MT"", ""zipcode"": ""24952""}"
USR-00092,Grace Lee MD,eric50@example.org,7198073618,2026-05-06 17:15:29,TNT-0192,"{""street"": ""247 Alan Circles"", ""city"": ""Kayleeborough"", ""state"": ""CO"", ""zipcode"": ""97365""}"
USR-00093,Christopher Harris,johnlamb@example.com,8979169509,2026-05-14 10:15:29,TNT-0028,"{""street"": ""8139 Rose Square"", ""city"": ""Seanmouth"", ""state"": ""PW"", ""zipcode"": ""39760""}"
USR-00094,Fernando Foster,michelehammond@example.net,9922209649,2026-05-17 15:15:29,TNT-0173,"{""street"": ""524 Stewart Pike"", ""city"": ""Millertown"", ""state"": ""AL"", ""zipcode"": ""82721""}"
USR-00095,Dustin Fisher,fcollins@example.org,7120678117,2026-05-22 10:15:29,TNT-0154,"{""street"": ""0989 Mueller Bypass Suite 461"", ""city"": ""Rhodeschester"", ""state"": ""VA"", ""zipcode"": ""87279""}"
USR-00096,Benjamin Thomas,vaughnkatherine@example.net,8760512763,2026-05-23 20:15:29,TNT-0182,"{""street"": ""276 Anthony Burg"", ""city"": ""New Kristine"", ""state"": ""KY"", ""zipcode"": ""29407""}"
USR-00097,Mary Cruz,hcollier@example.net,6874025468,2026-06-02 22:15:29,TNT-0175,"{""street"": ""31047 Brown Forge Suite 910"", ""city"": ""Lake Danny"", ""state"": ""AZ"", ""zipcode"": ""60224""}"
USR-00098,Cameron Bowman,erika05@example.org,7273124208,2026-05-21 22:15:29,TNT-0016,"{""street"": ""564 Amy Row Suite 890"", ""city"": ""Cindyhaven"", ""state"": ""DC"", ""zipcode"": ""65640""}"
USR-00099,Marcus Walker,michaelrobinson@example.org,6835251348,2026-05-18 12:15:29,TNT-0136,"{""street"": ""55347 Samantha Shoals Suite 011"", ""city"": ""Bryantmouth"", ""state"": ""HI"", ""zipcode"": ""62595""}"
USR-00100,Katherine Rogers,jordanblake@example.com,6161345889,2026-05-14 11:15:29,TNT-0073,"{""street"": ""4282 Price Mills"", ""city"": ""Shelleyshire"", ""state"": ""MD"", ""zipcode"": ""20221""}"
USR-00101,Eric Harmon,tcrawford@example.com,8545815732,2026-05-21 12:15:29,TNT-0107,"{""street"": ""641 Armstrong Unions Apt. 760"", ""city"": ""Lake Jasminefurt"", ""state"": ""SD"", ""zipcode"": ""71523""}"
USR-00102,Alyssa Johnson,coopermelissa@example.com,6953477933,2026-05-11 14:15:29,TNT-0004,"{""street"": ""231 Andrews Pine"", ""city"": ""Poncefort"", ""state"": ""NV"", ""zipcode"": ""82553""}"
USR-00103,Sarah Wheeler,higginsamanda@example.com,8824922511,2026-05-26 12:15:29,TNT-0092,"{""street"": ""006 Becker Overpass"", ""city"": ""North Erinland"", ""state"": ""IL"", ""zipcode"": ""54714""}"
USR-00104,Brian Ray,timothy19@example.org,7411431986,2026-06-02 20:15:29,TNT-0148,"{""street"": ""469 Christine Groves Apt. 953"", ""city"": ""Herrerachester"", ""state"": ""UT"", ""zipcode"": ""51294""}"
USR-00105,Kevin Conner,cynthiabrown@example.net,8556298765,2026-05-10 04:15:29,TNT-0022,"{""street"": ""4532 Wiggins Islands"", ""city"": ""Mooreland"", ""state"": ""NE"", ""zipcode"": ""20650""}"
USR-00106,Sierra Raymond,allenbaldwin@example.net,6646647659,2026-05-09 11:15:29,TNT-0190,"{""street"": ""688 Watson Crossing"", ""city"": ""North Lorettaberg"", ""state"": ""TX"", ""zipcode"": ""14444""}"
USR-00107,William Clark,christopherharmon@example.com,8988107951,2026-05-08 05:15:29,TNT-0143,"{""street"": ""508 Mcgee Plaza Suite 431"", ""city"": ""Taylorfurt"", ""state"": ""FM"", ""zipcode"": ""14166""}"
USR-00108,Anthony Booker,kelliedavis@example.net,7075421926,2026-05-16 00:15:29,TNT-0180,"{""street"": ""78703 Evan Forks Suite 059"", ""city"": ""Emilyburgh"", ""state"": ""UT"", ""zipcode"": ""58487""}"
USR-00109,Sarah Shelton,christopherharvey@example.com,7351178279,2026-05-21 16:15:29,TNT-0083,"{""street"": ""383 Helen Key Suite 421"", ""city"": ""Briantown"", ""state"": ""OK"", ""zipcode"": ""95359""}"
USR-00110,Benjamin Santos,robertlane@example.com,7820470060,2026-05-16 07:15:29,TNT-0001,"{""street"": ""03075 Barrett Island"", ""city"": ""Lake Daniel"", ""state"": ""NH"", ""zipcode"": ""29792""}"
USR-00111,Elizabeth Burns,nathaniel50@example.org,8431488559,2026-06-04 14:15:29,TNT-0134,"{""street"": ""20357 Erica Crossing Apt. 680"", ""city"": ""South Sean"", ""state"": ""MA"", ""zipcode"": ""93258""}"
USR-00112,Amy Morales,huntermichael@example.net,7423880893,2026-05-22 01:15:29,TNT-0069,"{""street"": ""431 Kimberly Place Suite 748"", ""city"": ""Berrybury"", ""state"": ""TN"", ""zipcode"": ""99493""}"
USR-00113,Ryan Burke,jefferypratt@example.net,9813013301,2026-05-10 01:15:29,TNT-0105,"{""street"": ""365 Jones Islands Apt. 025"", ""city"": ""Kimberlyfort"", ""state"": ""KY"", ""zipcode"": ""63272""}"
USR-00114,Crystal Lopez,lkemp@example.net,7913246317,2026-05-09 06:15:29,TNT-0139,"{""street"": ""396 Jessica Viaduct Apt. 013"", ""city"": ""New Theresa"", ""state"": ""HI"", ""zipcode"": ""68223""}"
USR-00115,Andrea Davis,uleon@example.net,8700028198,2026-05-21 18:15:29,TNT-0056,"{""street"": ""5551 Denise Divide Suite 313"", ""city"": ""North Karen"", ""state"": ""CO"", ""zipcode"": ""30846""}"
USR-00116,Kara Mills,margaretkim@example.net,8074667002,2026-05-12 18:15:29,TNT-0167,"{""street"": ""50888 Smith Groves Apt. 124"", ""city"": ""North Jessica"", ""state"": ""PR"", ""zipcode"": ""43168""}"
USR-00117,James Perkins,vwhitehead@example.org,7055445099,2026-06-03 20:15:29,TNT-0053,"{""street"": ""188 Cooper View"", ""city"": ""Longton"", ""state"": ""MN"", ""zipcode"": ""17735""}"
USR-00118,Sean Austin,chelsea63@example.com,6217167728,2026-05-26 09:15:29,TNT-0068,"{""street"": ""5564 Eric Trafficway"", ""city"": ""Clarkport"", ""state"": ""VA"", ""zipcode"": ""52300""}"
USR-00119,Teresa Nguyen,sandra77@example.org,7960591540,2026-05-09 05:15:29,TNT-0039,"{""street"": ""2921 Eric Pass"", ""city"": ""Dunlapstad"", ""state"": ""SC"", ""zipcode"": ""23604""}"
USR-00120,Kari Richmond,brooksjeanne@example.com,6993009611,2026-05-08 21:15:29,TNT-0191,"{""street"": ""9546 Peter Square Apt. 449"", ""city"": ""Port Emily"", ""state"": ""NV"", ""zipcode"": ""39335""}"
USR-00121,Jonathan Clark,ramseyjessica@example.net,7797429128,2026-05-20 08:15:29,TNT-0050,"{""street"": ""188 Timothy Turnpike"", ""city"": ""West Christinashire"", ""state"": ""CA"", ""zipcode"": ""61318""}"
USR-00122,Christopher Moore,rhuerta@example.org,8813956625,2026-05-16 11:15:29,TNT-0123,"{""street"": ""782 Baker Mount Apt. 253"", ""city"": ""East James"", ""state"": ""VI"", ""zipcode"": ""66790""}"
USR-00123,Anthony Brooks IV,fperkins@example.org,7609777072,2026-05-11 06:15:29,TNT-0060,"{""street"": ""166 Angela Fall"", ""city"": ""Myersland"", ""state"": ""AZ"", ""zipcode"": ""63017""}"
USR-00124,David Fisher,danawilson@example.com,6810008728,2026-05-19 23:15:29,TNT-0138,"{""street"": ""62744 Ellis Mills Suite 478"", ""city"": ""West Daniel"", ""state"": ""ID"", ""zipcode"": ""14416""}"
USR-00125,Lori Ruiz,ogarcia@example.net,6028101911,2026-05-17 20:15:29,TNT-0116,"{""street"": ""5704 Bauer Path"", ""city"": ""Nicholashaven"", ""state"": ""MA"", ""zipcode"": ""91883""}"
USR-00126,Blake Mccoy,jason26@example.com,8568617727,2026-06-01 04:15:29,TNT-0087,"{""street"": ""7173 Jamie Way"", ""city"": ""Caitlinmouth"", ""state"": ""MH"", ""zipcode"": ""50072""}"
USR-00127,Marie Mosley,chandlerrachael@example.org,6263142870,2026-05-09 12:15:29,TNT-0123,"{""street"": ""88307 Lin Knolls Apt. 278"", ""city"": ""Choiborough"", ""state"": ""WV"", ""zipcode"": ""05764""}"
USR-00128,Jason Lawson,zimmermanrobert@example.com,6243894539,2026-05-25 17:15:29,TNT-0105,"{""street"": ""828 Kevin Springs Suite 866"", ""city"": ""Davisville"", ""state"": ""PR"", ""zipcode"": ""09173""}"
USR-00129,Charles Crawford,qpatterson@example.com,6597691220,2026-05-10 07:15:29,TNT-0085,"{""street"": ""8797 Emily Port Apt. 215"", ""city"": ""South Nathanielmouth"", ""state"": ""AZ"", ""zipcode"": ""11490""}"
USR-00130,Linda Jenkins,lesliesmith@example.org,7251053862,2026-05-19 00:15:29,TNT-0044,"{""street"": ""0183 Webb Throughway"", ""city"": ""Port Yvonnetown"", ""state"": ""ME"", ""zipcode"": ""15287""}"
USR-00131,David Dunn,david69@example.org,8783049857,2026-05-17 04:15:29,TNT-0099,"{""street"": ""877 David Branch Suite 079"", ""city"": ""Maryborough"", ""state"": ""AS"", ""zipcode"": ""90622""}"
USR-00132,Lacey Bernard,vgarcia@example.org,9405919026,2026-05-18 03:15:29,TNT-0162,"{""street"": ""3955 Loretta Way Suite 111"", ""city"": ""Thompsonburgh"", ""state"": ""CO"", ""zipcode"": ""28997""}"
USR-00133,Edwin Patel,fergusonmaria@example.org,9045463490,2026-05-13 13:15:29,TNT-0099,"{""street"": ""87622 Judith Brook Apt. 442"", ""city"": ""Lake Janice"", ""state"": ""WV"", ""zipcode"": ""66993""}"
USR-00134,Deborah Harmon,ewilkins@example.net,8875677458,2026-05-31 11:15:29,TNT-0192,"{""street"": ""67680 Rosales Crest"", ""city"": ""North Brittany"", ""state"": ""KS"", ""zipcode"": ""66541""}"
USR-00135,Roger Cochran,cory65@example.com,9545356064,2026-05-14 06:15:29,TNT-0035,"{""street"": ""653 Oconnell Corner"", ""city"": ""Brandymouth"", ""state"": ""OK"", ""zipcode"": ""04233""}"
USR-00136,Christopher Garcia,dawn88@example.net,7723887256,2026-05-26 10:15:29,TNT-0037,"{""street"": ""6129 Kristen Cliffs"", ""city"": ""North Michael"", ""state"": ""LA"", ""zipcode"": ""09838""}"
USR-00137,Priscilla Hawkins,danielblack@example.net,7817750362,2026-05-13 02:15:29,TNT-0026,"{""street"": ""857 Jason Course"", ""city"": ""West Ryan"", ""state"": ""MO"", ""zipcode"": ""53271""}"
USR-00138,Carrie Williams,emilybarnes@example.net,7064644896,2026-05-24 20:15:29,TNT-0045,"{""street"": ""24516 Peterson River Apt. 252"", ""city"": ""Lake Aprilside"", ""state"": ""OH"", ""zipcode"": ""35812""}"
USR-00139,Maria Walker MD,rhonda03@example.com,9852438585,2026-05-29 03:15:29,TNT-0005,"{""street"": ""29248 Wilson Mountain Apt. 986"", ""city"": ""South Ryan"", ""state"": ""MH"", ""zipcode"": ""77480""}"
USR-00140,Adam Bradshaw,gwilliams@example.com,9105323626,2026-05-24 13:15:29,TNT-0081,"{""street"": ""318 Copeland Circles"", ""city"": ""Danielland"", ""state"": ""RI"", ""zipcode"": ""78321""}"
USR-00141,Elizabeth Carter MD,kimberlyadkins@example.com,6275101775,2026-05-12 21:15:29,TNT-0091,"{""street"": ""206 Ariel Freeway Apt. 937"", ""city"": ""Jacksonfurt"", ""state"": ""NV"", ""zipcode"": ""91796""}"
USR-00142,Sharon Perez,john10@example.com,8616101422,2026-05-21 14:15:29,TNT-0032,"{""street"": ""32450 Brian Trafficway"", ""city"": ""Vanceside"", ""state"": ""AZ"", ""zipcode"": ""06878""}"
USR-00143,David Perez,eric16@example.org,6284600491,2026-05-08 14:15:29,TNT-0013,"{""street"": ""2488 Potter Road"", ""city"": ""West Wendy"", ""state"": ""KY"", ""zipcode"": ""20802""}"
USR-00144,Gabrielle Sanchez MD,trevorprice@example.org,9071522602,2026-05-07 16:15:29,TNT-0158,"{""street"": ""9826 Curtis Gateway"", ""city"": ""Port Brittany"", ""state"": ""AL"", ""zipcode"": ""45474""}"
USR-00145,Brandon Lopez,andrew93@example.com,6903765136,2026-05-26 16:15:29,TNT-0085,"{""street"": ""31239 Harold Highway"", ""city"": ""Lake Franklin"", ""state"": ""MI"", ""zipcode"": ""02436""}"
USR-00146,Joel Dunn,peterstone@example.net,8385111065,2026-05-19 23:15:29,TNT-0032,"{""street"": ""6766 George Forks Apt. 087"", ""city"": ""East Davidside"", ""state"": ""IA"", ""zipcode"": ""50632""}"
USR-00147,Kellie Stuart,halewilliam@example.com,6913689143,2026-05-18 19:15:29,TNT-0118,"{""street"": ""2482 Ballard River"", ""city"": ""Jeffreymouth"", ""state"": ""GA"", ""zipcode"": ""32702""}"
USR-00148,Kevin Best,carlthompson@example.com,8370875386,2026-06-04 09:15:29,TNT-0180,"{""street"": ""103 Gutierrez Tunnel Apt. 331"", ""city"": ""West Janet"", ""state"": ""TX"", ""zipcode"": ""19789""}"
USR-00149,Daniel Reese,toddkevin@example.org,9481293309,2026-05-25 09:15:29,TNT-0065,"{""street"": ""417 Craig Dale"", ""city"": ""Port Jeffrey"", ""state"": ""MP"", ""zipcode"": ""38272""}"
USR-00150,Corey Henderson,igibson@example.com,8682715353,2026-05-21 00:15:29,TNT-0011,"{""street"": ""823 Rogers Pike"", ""city"": ""South James"", ""state"": ""CO"", ""zipcode"": ""60708""}"
USR-00151,Suzanne Mills,melissarogers@example.com,9805809971,2026-05-15 23:15:29,TNT-0148,"{""street"": ""34121 Ryan Extensions"", ""city"": ""North Davidland"", ""state"": ""MP"", ""zipcode"": ""79877""}"
USR-00152,Dustin Schmitt,mendozatracy@example.net,8831822767,2026-05-12 05:15:29,TNT-0183,"{""street"": ""89259 Michelle Isle"", ""city"": ""New Mark"", ""state"": ""IN"", ""zipcode"": ""52229""}"
USR-00153,Crystal Miller,mooremichael@example.org,7516749799,2026-05-11 08:15:29,TNT-0054,"{""street"": ""59164 Bennett Mountains Suite 813"", ""city"": ""Lake Kathryn"", ""state"": ""AS"", ""zipcode"": ""02610""}"
USR-00154,Brandon Gonzalez,melissacole@example.com,8805446855,2026-05-19 09:15:29,TNT-0146,"{""street"": ""813 Johnson Harbors"", ""city"": ""Benjaminhaven"", ""state"": ""MA"", ""zipcode"": ""77884""}"
USR-00155,Jerry Smith,sloanrickey@example.net,9603848589,2026-05-26 13:15:29,TNT-0036,"{""street"": ""08502 Ian Stream Suite 327"", ""city"": ""West Ebony"", ""state"": ""AZ"", ""zipcode"": ""58257""}"
USR-00156,Tammy Mccormick,ginameza@example.net,9061459301,2026-05-28 18:15:29,TNT-0116,"{""street"": ""805 Ramirez Ways"", ""city"": ""Lake Sarah"", ""state"": ""HI"", ""zipcode"": ""20363""}"
USR-00157,John Tyler,lynchbrandon@example.org,9389666154,2026-05-30 03:15:29,TNT-0019,"{""street"": ""906 Burch River"", ""city"": ""Garnerview"", ""state"": ""NC"", ""zipcode"": ""73409""}"
USR-00158,Olivia Hill,hayleyduke@example.org,7924220140,2026-06-01 11:15:29,TNT-0003,"{""street"": ""1723 Nancy Prairie"", ""city"": ""Oneillchester"", ""state"": ""MO"", ""zipcode"": ""45106""}"
USR-00159,Robert Hanna,christopheryoung@example.net,7138578910,2026-05-12 06:15:29,TNT-0128,"{""street"": ""84103 Farrell Centers"", ""city"": ""South Anthonymouth"", ""state"": ""PR"", ""zipcode"": ""51341""}"
USR-00160,Mitchell Solis,alexanderadrian@example.org,6618661386,2026-05-10 01:15:29,TNT-0100,"{""street"": ""74268 Lisa Estate Suite 554"", ""city"": ""North Terry"", ""state"": ""GU"", ""zipcode"": ""16713""}"
USR-00161,Robert Johnson,kbest@example.net,8727045309,2026-05-22 03:15:29,TNT-0105,"{""street"": ""36967 Lindsay Shores"", ""city"": ""New Susan"", ""state"": ""IN"", ""zipcode"": ""94911""}"
USR-00162,Jason Sparks,cdickerson@example.com,9210293823,2026-05-31 12:15:29,TNT-0180,"{""street"": ""7492 Jamie Course"", ""city"": ""East Laura"", ""state"": ""DC"", ""zipcode"": ""99264""}"
USR-00163,Jay Moore,howellthomas@example.com,7594172735,2026-05-16 10:15:29,TNT-0148,"{""street"": ""775 Bradley Dale Apt. 540"", ""city"": ""North Davidmouth"", ""state"": ""SD"", ""zipcode"": ""32505""}"
USR-00164,Kathy Shields,dhernandez@example.net,9076926358,2026-05-08 11:15:29,TNT-0173,"{""street"": ""0905 Barry Knolls Suite 907"", ""city"": ""Edwinville"", ""state"": ""PA"", ""zipcode"": ""41038""}"
USR-00165,Kevin Salazar,walkerkrystal@example.net,7384168380,2026-05-15 00:15:29,TNT-0115,"{""street"": ""8985 Alexander Bypass Apt. 693"", ""city"": ""New Melissaborough"", ""state"": ""SD"", ""zipcode"": ""05502""}"
USR-00166,Ryan Cortez,chapmancrystal@example.net,9052666844,2026-05-19 18:15:29,TNT-0118,"{""street"": ""930 West Vista"", ""city"": ""Anitaberg"", ""state"": ""DE"", ""zipcode"": ""93502""}"
USR-00167,Mary Weaver,jennifer03@example.com,7246446843,2026-06-01 06:15:29,TNT-0021,"{""street"": ""7203 Danielle Orchard Suite 091"", ""city"": ""West Gabriella"", ""state"": ""MA"", ""zipcode"": ""70409""}"
USR-00168,Christina Franklin,charlesmyers@example.com,9229185001,2026-05-21 00:15:29,TNT-0134,"{""street"": ""13171 Mary Drive"", ""city"": ""West Jeromeview"", ""state"": ""DE"", ""zipcode"": ""12309""}"
USR-00169,Michael Lopez,eharris@example.org,8573671168,2026-06-03 11:15:29,TNT-0011,"{""street"": ""5651 Adam Estate Apt. 500"", ""city"": ""North Curtismouth"", ""state"": ""SD"", ""zipcode"": ""08764""}"
USR-00170,Daniel Smith,hillnicole@example.org,6098270607,2026-05-08 22:15:29,TNT-0055,"{""street"": ""670 Martha Ports"", ""city"": ""Kevinland"", ""state"": ""NH"", ""zipcode"": ""42388""}"
USR-00171,Aaron Neal,john30@example.net,6994417327,2026-05-11 19:15:29,TNT-0072,"{""street"": ""5269 Ramirez Common"", ""city"": ""East Barryfurt"", ""state"": ""MP"", ""zipcode"": ""42030""}"
USR-00172,William Cook,thompsondeborah@example.net,7318563326,2026-05-15 23:15:29,TNT-0152,"{""street"": ""4002 Allen Via"", ""city"": ""Jennifermouth"", ""state"": ""DE"", ""zipcode"": ""06230""}"
USR-00173,Dr. Betty Ward,rebeccamurray@example.net,8498626424,2026-06-05 00:15:29,TNT-0140,"{""street"": ""5226 Michael Alley"", ""city"": ""Reillyburgh"", ""state"": ""HI"", ""zipcode"": ""21261""}"
USR-00174,Isaac Shelton,lindseysweeney@example.org,7935512276,2026-05-21 00:15:29,TNT-0147,"{""street"": ""8221 Smith Freeway Suite 104"", ""city"": ""North Jillberg"", ""state"": ""DC"", ""zipcode"": ""57980""}"
USR-00175,William Carlson,hebertamy@example.org,6864498116,2026-05-11 17:15:29,TNT-0103,"{""street"": ""414 Danny Union"", ""city"": ""West Lynnshire"", ""state"": ""NY"", ""zipcode"": ""20820""}"
USR-00176,Cheryl Wall,hrodriguez@example.org,9531417364,2026-05-15 01:15:29,TNT-0153,"{""street"": ""54866 Jose Flat Apt. 680"", ""city"": ""South Anthony"", ""state"": ""WY"", ""zipcode"": ""03299""}"
USR-00177,Melissa Rivera,julia22@example.net,9800709175,2026-05-17 03:15:29,TNT-0194,"{""street"": ""5663 Christopher Roads Apt. 759"", ""city"": ""Jameshaven"", ""state"": ""RI"", ""zipcode"": ""65349""}"
USR-00178,Timothy Chang,brentpowell@example.net,7763961459,2026-05-29 16:15:29,TNT-0070,"{""street"": ""294 Lawrence Green Apt. 453"", ""city"": ""Port Marcshire"", ""state"": ""MN"", ""zipcode"": ""22674""}"
USR-00179,Robert Shepherd,jesus91@example.org,6292013605,2026-06-02 21:15:29,TNT-0074,"{""street"": ""6397 Andersen Path"", ""city"": ""Kendramouth"", ""state"": ""ME"", ""zipcode"": ""56337""}"
USR-00180,Jennifer Valenzuela,bradley94@example.com,6067247317,2026-05-22 22:15:29,TNT-0040,"{""street"": ""94414 Fisher Mountain"", ""city"": ""Port Ronald"", ""state"": ""TX"", ""zipcode"": ""26460""}"
USR-00181,Jennifer Evans,derekgaines@example.com,6615151826,2026-06-04 09:15:29,TNT-0020,"{""street"": ""6956 Kathryn Bridge Apt. 299"", ""city"": ""Moralesmouth"", ""state"": ""UT"", ""zipcode"": ""13770""}"
USR-00182,Veronica Boyd,michaelstone@example.net,8627896796,2026-05-27 04:15:29,TNT-0038,"{""street"": ""0418 Martin Port Suite 335"", ""city"": ""Nicholstown"", ""state"": ""ID"", ""zipcode"": ""35237""}"
USR-00183,Christopher Rose,williamwalker@example.com,9592162578,2026-05-06 23:15:29,TNT-0035,"{""street"": ""10671 Miller Lane"", ""city"": ""New Jamie"", ""state"": ""TN"", ""zipcode"": ""27318""}"
USR-00184,Jade Mitchell,christian72@example.com,6152178764,2026-05-22 22:15:29,TNT-0063,"{""street"": ""03659 Wendy Trail"", ""city"": ""Jacksonchester"", ""state"": ""NC"", ""zipcode"": ""57785""}"
USR-00185,Andrew Parrish,andrewboyle@example.com,6222162310,2026-05-17 01:15:29,TNT-0105,"{""street"": ""1327 Middleton Roads Apt. 395"", ""city"": ""Rachelview"", ""state"": ""VI"", ""zipcode"": ""14902""}"
USR-00186,Vanessa Chavez,mcintoshnatalie@example.org,7735320595,2026-05-17 03:15:29,TNT-0142,"{""street"": ""3291 Gordon Dale"", ""city"": ""North Lindaland"", ""state"": ""NH"", ""zipcode"": ""23036""}"
USR-00187,Michael Cobb,gatesmichael@example.net,6162955541,2026-05-17 20:15:29,TNT-0141,"{""street"": ""2518 Johnson Cliffs Apt. 255"", ""city"": ""Stephenside"", ""state"": ""AK"", ""zipcode"": ""55449""}"
USR-00188,Chris King,jamesfox@example.com,9442773567,2026-06-02 18:15:29,TNT-0008,"{""street"": ""73835 Johnson Highway Suite 646"", ""city"": ""Port Williamtown"", ""state"": ""UT"", ""zipcode"": ""13973""}"
USR-00189,Connie Tucker,hernandezeugene@example.net,8167304635,2026-05-12 13:15:29,TNT-0133,"{""street"": ""145 Jeffrey Crossing Apt. 626"", ""city"": ""Lake Sophia"", ""state"": ""NY"", ""zipcode"": ""86101""}"
USR-00190,Anthony Dickson,tanneranne@example.org,8107005503,2026-05-10 00:15:29,TNT-0107,"{""street"": ""8797 Jaime Meadows"", ""city"": ""Taraport"", ""state"": ""PR"", ""zipcode"": ""54104""}"
USR-00191,Yolanda Mccullough,kristylamb@example.net,6078969611,2026-05-21 17:15:29,TNT-0007,"{""street"": ""024 Klein Coves Apt. 170"", ""city"": ""Lake Diana"", ""state"": ""WY"", ""zipcode"": ""41619""}"
USR-00192,Christopher Soto,tracymartin@example.com,7639129437,2026-05-31 19:15:29,TNT-0135,"{""street"": ""8437 Williams Gateway Suite 554"", ""city"": ""Shanemouth"", ""state"": ""MS"", ""zipcode"": ""16048""}"
USR-00193,Ryan Kline,arasmussen@example.net,7213736694,2026-05-05 18:15:29,TNT-0021,"{""street"": ""0473 Brandon Club"", ""city"": ""Hoodhaven"", ""state"": ""ID"", ""zipcode"": ""13362""}"
USR-00194,Megan Larson,brandi21@example.org,9852847453,2026-06-05 03:15:29,TNT-0139,"{""street"": ""0218 Martinez Crescent Apt. 492"", ""city"": ""North Martin"", ""state"": ""MS"", ""zipcode"": ""51708""}"
USR-00195,Wesley Nolan,deborah76@example.org,6055326708,2026-05-09 03:15:29,TNT-0167,"{""street"": ""5473 Mitchell Underpass"", ""city"": ""South Scott"", ""state"": ""NM"", ""zipcode"": ""31082""}"
USR-00196,Mario Jimenez,susanwilson@example.net,9016018678,2026-05-07 02:15:29,TNT-0191,"{""street"": ""752 Meyer Port"", ""city"": ""Port Dillon"", ""state"": ""MH"", ""zipcode"": ""69261""}"
USR-00197,Denise Browning,lesliecline@example.org,7509360204,2026-06-01 17:15:29,TNT-0131,"{""street"": ""410 Nelson Key Suite 019"", ""city"": ""Lake Aaron"", ""state"": ""IN"", ""zipcode"": ""41813""}"
USR-00198,Laura Lopez,kaitlin03@example.net,6105212265,2026-05-23 01:15:29,TNT-0150,"{""street"": ""2414 Jacob Radial"", ""city"": ""Lake Devon"", ""state"": ""LA"", ""zipcode"": ""15523""}"
USR-00199,Amanda Miller,lmorales@example.org,6690943280,2026-05-15 19:15:29,TNT-0042,"{""street"": ""0329 Beth Lane Suite 052"", ""city"": ""South Beckyton"", ""state"": ""PW"", ""zipcode"": ""10032""}"
USR-00200,Eugene Riley,pflores@example.net,7837734872,2026-05-29 03:15:29,TNT-0171,"{""street"": ""6774 Connie Bypass Suite 327"", ""city"": ""North Chloe"", ""state"": ""AS"", ""zipcode"": ""49726""}"
