lesson_id,course_id,title,content
LES-0001,CORS-0095,Debugging REST APIs,Almost coach speech home however center site lay against describe clearly can then third.
LES-0002,CORS-0055,Deep Dive into Arrays & Objects,Model candidate officer production civil job last where into relationship dark it player.
LES-0003,CORS-0035,Getting Started with SQL Joins,Treatment if she recognize second necessary blood usually forward whose result.
LES-0004,CORS-0084,Debugging Arrays & Objects,Management face stuff spend base notice Mrs late look morning short final.
LES-0005,CORS-0071,Getting Started with State Management,Enjoy region international use lot rather especially see dark rate where nearly.
LES-0006,CORS-0011,Deep Dive into Git Workflows,Appear interest approach news set standard choose decade capital century skin far choose throw imagine think.
LES-0007,CORS-0019,Getting Started with Git Workflows,Look father fast black worker bring low radio manage color performance parent.
LES-0008,CORS-0075,Deep Dive into SQL Joins,Identify low build center agreement current each field race those job.
LES-0009,CORS-0061,Debugging Git Workflows,Hundred opportunity put hear wonder then fine man nature space skin describe attorney fear a positive.
LES-0010,CORS-0097,Debugging Git Workflows,Foot maybe quality suggest owner travel should area or court probably.
LES-0011,CORS-0086,Mastering Arrays & Objects,Rest scientist today wear both decade month election.
LES-0012,CORS-0061,Understanding SQL Joins,Several job say hot later finish strong beyond drop whom degree model ask.
LES-0013,CORS-0020,Understanding State Management,Direction although back year might maintain believe hundred situation movement law walk recognize garden factor rest.
LES-0014,CORS-0086,Mastering REST APIs,Upon list west black newspaper rate describe subject north movement account fear.
LES-0015,CORS-0064,Getting Started with Arrays & Objects,Yard measure fly ever water response set receive particularly interest deal before still north language tend.
LES-0016,CORS-0033,Mastering REST APIs,So live president mention model until fine tend TV such entire help future.
LES-0017,CORS-0039,Mastering Arrays & Objects,Should Mr consumer result necessary interesting condition role seven plan add this left field.
LES-0018,CORS-0091,Getting Started with State Management,Work maybe sometimes television card food standard hear evening.
LES-0019,CORS-0015,Deep Dive into REST APIs,Floor answer area mention peace send seem although grow system newspaper writer nation member.
LES-0020,CORS-0053,Debugging Arrays & Objects,Trial pass walk goal they report chair church break investment wear have top.
LES-0021,CORS-0063,Getting Started with REST APIs,Hair what whether fast Congress detail arm speak state figure under several.
LES-0022,CORS-0070,Understanding REST APIs,Discussion standard sea sign record political evidence southern imagine.
LES-0023,CORS-0048,Mastering State Management,Opportunity matter or various Republican least attack get.
LES-0024,CORS-0008,Getting Started with SQL Joins,Candidate interview save nearly its term challenge information stock then whole together store deal strategy daughter.
LES-0025,CORS-0057,Mastering State Management,Focus top big industry green career everyone baby human evidence use.
LES-0026,CORS-0066,Mastering REST APIs,Themselves every second sure campaign space despite ten end.
LES-0027,CORS-0039,Getting Started with Git Workflows,Join yard exist avoid on policy organization stand court thousand make up investment sure fly field.
LES-0028,CORS-0058,Deep Dive into REST APIs,Sign chair go true cup good Republican eight around.
LES-0029,CORS-0064,Getting Started with SQL Joins,Family participant result article lot listen pull that entire suffer.
LES-0030,CORS-0046,Deep Dive into REST APIs,Child artist computer themselves during start few phone cell by.
LES-0031,CORS-0042,Debugging REST APIs,Sit exist character expert piece rather stop around task family section ago situation.
LES-0032,CORS-0006,Understanding State Management,Into gas letter around different enter throw treatment thus late investment run.
LES-0033,CORS-0056,Getting Started with SQL Joins,Week protect prove little ask value sea sort along few magazine big miss support author.
LES-0034,CORS-0086,Debugging State Management,Tonight the sort money unit institution site your could figure those carry or wonder.
LES-0035,CORS-0085,Getting Started with REST APIs,Street message policy Mrs forward never machine Congress.
LES-0036,CORS-0099,Understanding Arrays & Objects,Your image bring market thank here computer people worry door.
LES-0037,CORS-0098,Deep Dive into Git Workflows,Wall shoulder accept reality democratic senior far price risk six ok.
LES-0038,CORS-0087,Mastering SQL Joins,Evening all college country quickly attack leave table whole offer.
LES-0039,CORS-0043,Deep Dive into Arrays & Objects,Research ok season race every finish particularly your third stock ability consider similar.
LES-0040,CORS-0006,Understanding State Management,Coach might election realize stage safe act rock hard already avoid.
LES-0041,CORS-0016,Understanding Git Workflows,Career yeah believe natural tend police book guy dream environment eat half find yeah later.
LES-0042,CORS-0046,Understanding SQL Joins,Stand new leader choose organization a training.
LES-0043,CORS-0083,Mastering Arrays & Objects,Training business letter job old audience member.
LES-0044,CORS-0069,Mastering SQL Joins,National thank result book network popular season improve understand lose despite interesting life believe medical play.
LES-0045,CORS-0096,Deep Dive into REST APIs,Try how realize computer score finally chair personal trip and recent window home born list.
LES-0046,CORS-0091,Debugging State Management,Black cost phone environment husband contain north perform win whole action.
LES-0047,CORS-0097,Understanding Git Workflows,Someone stuff pattern nature herself control seven act realize past girl factor animal over agent.
LES-0048,CORS-0032,Deep Dive into SQL Joins,Fall time learn according structure improve perform gas.
LES-0049,CORS-0091,Getting Started with State Management,Star perhaps her watch window own late ready agency participant.
LES-0050,CORS-0068,Deep Dive into SQL Joins,Management wind news door nor hair somebody power new.
LES-0051,CORS-0017,Deep Dive into REST APIs,How over easy enjoy place everybody down business with article common call collection goal poor commercial.
LES-0052,CORS-0022,Deep Dive into SQL Joins,Culture name painting kind contain with open view compare before matter level phone.
LES-0053,CORS-0037,Deep Dive into Git Workflows,Meeting way his read food and drug politics property.
LES-0054,CORS-0094,Getting Started with Arrays & Objects,Husband inside yet coach affect act its thank across professional later knowledge well local.
LES-0055,CORS-0067,Getting Started with Git Workflows,Around quality decade talk college act enough hair worry service reduce.
LES-0056,CORS-0034,Getting Started with State Management,Most it return once research north two open.
LES-0057,CORS-0090,Getting Started with Arrays & Objects,Five along majority couple personal top down process toward show truth player.
LES-0058,CORS-0019,Mastering Arrays & Objects,Military stand sometimes allow relationship beyond event box direction fill off want camera speech bar.
LES-0059,CORS-0060,Understanding REST APIs,Federal environment southern chair mother improve black interesting compare born yard impact.
LES-0060,CORS-0076,Deep Dive into Git Workflows,Art pressure difference area old left after.
LES-0061,CORS-0047,Understanding SQL Joins,Player tend cost list even sister sound.
LES-0062,CORS-0100,Understanding Arrays & Objects,Show region camera right window course someone market.
LES-0063,CORS-0081,Getting Started with Arrays & Objects,Suggest field community face third time break whether defense specific knowledge radio join.
LES-0064,CORS-0044,Deep Dive into Git Workflows,Force man apply office market him low chance agreement shake but light.
LES-0065,CORS-0041,Getting Started with State Management,Catch strategy bill up face call window may.
LES-0066,CORS-0066,Deep Dive into REST APIs,Position medical company wide student make strategy officer mean eight successful nation one property mission member.
LES-0067,CORS-0016,Getting Started with Git Workflows,Almost our should prepare act husband agree prove.
LES-0068,CORS-0047,Debugging Git Workflows,Kitchen Republican poor suffer sell successful mouth short south act your contain.
LES-0069,CORS-0042,Getting Started with State Management,His per prevent over her military change party senior training message land south decision student modern.
LES-0070,CORS-0012,Mastering State Management,System single against hotel place really mother summer political.
LES-0071,CORS-0094,Getting Started with State Management,Late boy especially expect agent night feeling yourself.
LES-0072,CORS-0042,Understanding REST APIs,Almost news degree act guess about campaign present.
LES-0073,CORS-0021,Debugging State Management,Decide per four mission whatever early note until.
LES-0074,CORS-0032,Getting Started with State Management,Prepare show whether card under deep mean positive news painting lay.
LES-0075,CORS-0080,Getting Started with State Management,Nothing choose plan affect lay heart next something.
LES-0076,CORS-0005,Debugging Arrays & Objects,Compare now court establish must support ability.
LES-0077,CORS-0049,Understanding Git Workflows,Stay road effort fish south ahead term least record decade road human.
LES-0078,CORS-0065,Getting Started with REST APIs,Cut real medical evidence understand any increase sit.
LES-0079,CORS-0009,Debugging Arrays & Objects,Wind line economic wind think likely goal you stay past man those agent radio American painting.
LES-0080,CORS-0035,Understanding SQL Joins,Such become cover official environmental dream culture wife.
LES-0081,CORS-0091,Understanding Git Workflows,Daughter fear thing alone according benefit listen water then as certain great arrive card.
LES-0082,CORS-0068,Mastering Git Workflows,Pretty should sure I little party build speak.
LES-0083,CORS-0059,Understanding SQL Joins,Traditional over whatever into system her research sort push energy.
LES-0084,CORS-0080,Mastering SQL Joins,Political yourself because consumer stuff than up easy.
LES-0085,CORS-0074,Deep Dive into REST APIs,Watch suggest several various economy trade college simply late think stage second interest business.
LES-0086,CORS-0091,Deep Dive into Arrays & Objects,Sit find learn not several friend cup it hope step explain foreign key.
LES-0087,CORS-0004,Understanding Arrays & Objects,Nature these possible after today fight situation future not claim without site.
LES-0088,CORS-0012,Deep Dive into SQL Joins,Yard key trip cover push politics second.
LES-0089,CORS-0043,Understanding Arrays & Objects,Tonight nature here charge window Congress avoid radio whatever give say fire bring.
LES-0090,CORS-0066,Debugging Arrays & Objects,Every safe tree pattern tough environmental few reduce media institution environmental night fish president.
LES-0091,CORS-0022,Understanding Arrays & Objects,Line ready process defense final way sure its recently.
LES-0092,CORS-0014,Mastering REST APIs,Of building large might bad however describe hour middle quite artist identify skill visit manage.
LES-0093,CORS-0055,Debugging Git Workflows,Avoid story eight probably letter much responsibility senior miss sister history store number many.
LES-0094,CORS-0056,Debugging Arrays & Objects,Born safe message its man as then water lose former teacher movie take.
LES-0095,CORS-0016,Deep Dive into Arrays & Objects,Thus far story fear something method truth.
LES-0096,CORS-0059,Understanding SQL Joins,Vote every all word during far green best record others learn.
LES-0097,CORS-0060,Mastering Arrays & Objects,Since cause fear interview grow accept improve federal responsibility class.
LES-0098,CORS-0038,Getting Started with State Management,Language interview pass note institution where blue.
LES-0099,CORS-0084,Deep Dive into State Management,Pretty theory today idea management series remain author attorney industry close remain eat chair available evidence.
LES-0100,CORS-0060,Deep Dive into Git Workflows,Break build choose key well not some church born wear mouth article important leader door.
