user_id,user_name,user_role,user_email,user_phone
USR-0001,Teresa Parker,Admin(Teacher),lmoore@example.org,6262624223
USR-0002,Donna Watson,Student,markpatel@example.org,8479164158
USR-0003,Ashley Brown,Admin(Teacher),gregorysmith@example.com,6692929330
USR-0004,Troy Turner,Student,david05@example.com,8968140669
USR-0005,Dennis Rogers,Admin(Teacher),christinawright@example.net,6987038037
USR-0006,David Evans,Student,ylang@example.com,8101267842
USR-0007,William Lopez,Admin(Teacher),srodriguez@example.net,7703773945
USR-0008,Taylor Mcfarland,Admin(Teacher),william91@example.net,6889142857
USR-0009,Wayne Cain,Admin(Teacher),ymiller@example.com,6507285593
USR-0010,David Frazier,Student,carlsonkathleen@example.org,9122214256
USR-0011,Sharon Martin,Student,robertgreene@example.net,6951821700
USR-0012,Victoria Montes,Student,kelli82@example.com,9459271953
USR-0013,Tanner Bauer,Admin(Teacher),franciscohowell@example.org,8328461781
USR-0014,Blake Hogan,Student,millsdaniel@example.org,6186855401
USR-0015,Kristy Walker,Admin(Teacher),andrewmathis@example.com,9354372963
USR-0016,William Reed,Admin(Teacher),yangkristin@example.com,8595044861
USR-0017,Cory Oconnor,Student,patrick10@example.org,7298046087
USR-0018,Howard Gonzalez,Admin(Teacher),heathercarroll@example.com,7530362728
USR-0019,Tom Bennett,Admin(Teacher),oreynolds@example.com,6492582276
USR-0020,William Scott,Admin(Teacher),patriciareese@example.org,7221791674
USR-0021,Heather Patel,Student,christinerice@example.org,8629700319
USR-0022,Ian Hendrix,Admin(Teacher),rodriguezdonna@example.net,8553517289
USR-0023,Erin Lewis,Admin(Teacher),dianewatts@example.org,8694528261
USR-0024,Robert Daniel,Student,timolson@example.org,7545444481
USR-0025,Christine Lopez,Student,danielleking@example.com,8382356679
USR-0026,Chelsea Wiley,Student,wrightwilliam@example.org,6784278096
USR-0027,Margaret Day,Student,brandon43@example.org,7767779308
USR-0028,Jason Williams,Student,williamsjennifer@example.org,7079227526
USR-0029,Jacqueline Spears,Student,carrollmelissa@example.com,9152617559
USR-0030,Leah Ramos,Student,whitechristopher@example.com,9429193364
USR-0031,Maria Schmidt,Admin(Teacher),jessestewart@example.org,7452505779
USR-0032,Charles Pena,Admin(Teacher),browncurtis@example.net,7322058737
USR-0033,Jacqueline Thornton,Admin(Teacher),steven61@example.net,7933944672
USR-0034,Mary Peterson,Student,homolly@example.org,8107558892
USR-0035,Casey Bowman,Student,jonathan92@example.org,6322956339
USR-0036,Jessica Williams,Student,murraysarah@example.net,8576644956
USR-0037,Lisa Pratt,Admin(Teacher),michellewallace@example.com,7589330951
USR-0038,Tracy Ryan,Admin(Teacher),cburnett@example.com,7012226085
USR-0039,Angel Huffman,Student,robbinsgina@example.com,9034403569
USR-0040,Stephanie Freeman,Student,parkerknapp@example.com,6847111495
USR-0041,Michael Buchanan,Admin(Teacher),smendez@example.org,6938030657
USR-0042,Leah King,Admin(Teacher),shellymorris@example.org,7642785519
USR-0043,Anthony Cox,Student,kwhite@example.com,8055575397
USR-0044,Darin Tapia,Admin(Teacher),wthompson@example.com,9462856530
USR-0045,Walter Garza,Admin(Teacher),johnsonmarco@example.org,8508673721
USR-0046,Brenda Miller,Admin(Teacher),eric03@example.com,8832956683
USR-0047,Mary Cruz,Student,carolmoore@example.com,8145054554
USR-0048,Mary Stephens,Student,alvarezpaul@example.org,6948661077
USR-0049,Lori Chaney,Student,kaylapatel@example.org,7430920983
USR-0050,Gina Gentry,Admin(Teacher),vlynch@example.com,8523721810
USR-0051,Margaret Huang,Admin(Teacher),ghorton@example.com,9350359489
USR-0052,Joseph Andrews,Student,mariacollins@example.com,9511960980
USR-0053,Sarah Sanders,Admin(Teacher),allison99@example.org,7075490195
USR-0054,Jason Young,Admin(Teacher),uortiz@example.com,9086459383
USR-0055,Jamie Andrade,Admin(Teacher),alvarezjeffrey@example.com,7861454865
USR-0056,Heather Duncan,Student,georgemitchell@example.net,7714006645
USR-0057,Bradley Miller,Admin(Teacher),ashleygardner@example.com,9482642441
USR-0058,Ryan Brown,Student,jacobmanning@example.org,9985965851
USR-0059,Todd Thomas,Admin(Teacher),tpatel@example.net,6406471652
USR-0060,Jennifer Wilson,Admin(Teacher),deborahlove@example.com,9285115000
USR-0061,Dana Thomas,Admin(Teacher),millercorey@example.org,7414475327
USR-0062,Jaime Lowery,Admin(Teacher),stephaniewalter@example.org,8048263260
USR-0063,Jason Jacobs,Student,christina28@example.net,6200203140
USR-0064,Terry Freeman,Student,kimberly35@example.org,7951268713
USR-0065,Kendra Simon,Student,stewartvictor@example.org,6572774359
USR-0066,Nicole Jones,Admin(Teacher),donnalevy@example.net,6763278934
USR-0067,Matthew Terry,Student,melissamcgrath@example.com,9983466253
USR-0068,David Miller,Admin(Teacher),rmyers@example.net,7885010518
USR-0069,Mike Phillips,Student,solomoncheyenne@example.net,8772094473
USR-0070,Lisa Cummings,Admin(Teacher),mckenziealvarez@example.com,7064875206
USR-0071,Linda Gordon,Admin(Teacher),molinarobert@example.net,7394209232
USR-0072,Jason Evans,Student,hramirez@example.net,9721153485
USR-0073,Jeffery Morgan,Student,jeremy89@example.com,6991028610
USR-0074,Ana Scott,Student,david53@example.net,7471870505
USR-0075,Wendy Williams,Student,lowedestiny@example.com,6811322328
USR-0076,Eric Harper,Admin(Teacher),btapia@example.net,6336587364
USR-0077,Joseph Phillips,Student,yramirez@example.org,6027271839
USR-0078,Phillip Miles,Admin(Teacher),stephen48@example.com,6543024885
USR-0079,Marcus Taylor,Student,yperry@example.net,6309216433
USR-0080,Jay Bowers,Student,perezalejandra@example.net,7983710237
USR-0081,Reginald West,Student,amyserrano@example.net,6560771335
USR-0082,Daniel Wells,Admin(Teacher),francisthompson@example.com,8961507731
USR-0083,Katherine Martin,Student,jedwards@example.net,7130068459
USR-0084,Larry Tran,Student,robertsalbert@example.org,9739668396
USR-0085,Valerie Smith,Admin(Teacher),hendersondustin@example.org,6864523783
USR-0086,Miss Amber Sullivan,Student,markliu@example.net,8680812339
USR-0087,James Landry,Admin(Teacher),robert53@example.net,6691270028
USR-0088,Brittany Davis,Admin(Teacher),afitzpatrick@example.org,7428009345
USR-0089,Elizabeth Stevens,Student,laurawagner@example.com,8606869163
USR-0090,Denise Adams,Admin(Teacher),arroyojacob@example.com,9332277113
USR-0091,Marie Moore,Student,cjohnson@example.net,6968915314
USR-0092,Amanda Scott,Student,chadprince@example.net,8215084029
USR-0093,Daniel Herrera,Student,sherridavis@example.com,6677942196
USR-0094,Jordan Ferguson,Student,laurenlawrence@example.org,7285903399
USR-0095,Wesley Little,Admin(Teacher),jmyers@example.net,7893503986
USR-0096,Brittney Hill,Student,kellywiggins@example.net,6590559440
USR-0097,John Castillo,Student,paullevine@example.com,6364657083
USR-0098,James Barajas,Admin(Teacher),victoriahopkins@example.org,6397459270
USR-0099,Danny Thomas,Admin(Teacher),huntchristopher@example.org,8107688108
USR-0100,Steven Jones,Admin(Teacher),adkinsnicole@example.com,7009506494
